{
  "$schema": "../locations-schema.json",
  "editor_bookmarks": [
    {
      "slot": 1,
      "mode": "play",
      "playerPos": [497.3969, 23.116, -45.2952],
      "cameraAngles": {
        "phi": 0.9837199449539185,
        "theta": -0.24647600948810577
      }
    },
    {
      "slot": 2,
      "mode": "play",
      "playerPos": [413.8947, 54.154, -170.7045],
      "cameraAngles": {
        "phi": 0.07604166865348816,
        "theta": 1.4734033346176147
      }
    },
    {
      "slot": 3,
      "mode": "play",
      "playerPos": [206.3247, 76.6153, -123.3992],
      "cameraAngles": {
        "phi": 0.4951595664024353,
        "theta": -0.01955105923116207
      }
    },
    {
      "slot": 4,
      "mode": "play",
      "playerPos": [204.7123, 76.6153, -213.5516],
      "cameraAngles": {
        "phi": 0.19880065321922302,
        "theta": -6.20963191986084
      }
    }
  ]
}
