{
  "$schema": "../locations-schema.json",
  "editor_bookmarks": [
    {
      "slot": 1,
      "mode": "play",
      "playerPos": [497.3969, 23.116, -45.2952],
      "cameraAngles": {
        "phi": 0.9837199449539185,
        "theta": -0.24647600948810577
      }
    },
    {
      "slot": 2,
      "mode": "play",
      "playerPos": [413.8947, 54.154, -170.7045],
      "cameraAngles": {
        "phi": 0.07604166865348816,
        "theta": 1.4734033346176147
      }
    }
  ]
}
