{
  "$schema": "../locations-schema.json",
  "editor_bookmarks": [
    {
      "slot": 1,
      "mode": "play",
      "playerPos": [497.3969, 23.116, -45.2952],
      "cameraAngles": {
        "phi": 0.9837199449539185,
        "theta": -0.24647600948810577
      }
    }
  ]
}
