{
  "$schema": "../locations-schema.json",
  "editor_bookmarks": [
    {
      "slot": 1,
      "mode": "play",
      "playerPos": [-33.8227, 16.749, -1.9581],
      "cameraAngles": {
        "phi": 1.2731971740722656,
        "theta": 1.8619202375411987
      }
    },
    {
      "slot": 2,
      "mode": "play",
      "playerPos": [6.0938, 85.2856, 17.4535],
      "cameraAngles": {
        "phi": 0.8726758360862732,
        "theta": 1.7093992233276367
      }
    },
    {
      "slot": 3,
      "mode": "play",
      "playerPos": [-194.4755, 115.8684, 29.13],
      "cameraAngles": {
        "phi": 0.6581456065177917,
        "theta": 8.516855239868164
      }
    },
    {
      "slot": 4,
      "mode": "play",
      "playerPos": [-143.6493, 116.1666, 39.277],
      "cameraAngles": {
        "phi": 0.6067609786987305,
        "theta": 12.133891105651855
      }
    }
  ]
}
